{
  "id": 249257,
  "media_id": "1297900",
  "title": {
    "english": "[Satuyo] Pool de Challenge! Boyish | Challenge at the Pool! Boyish (Peaceful Ecchi!) [English] [Doki Fansubs+Yosh]",
    "japanese": "[\u3055\u3064\u3088] \u30d7\u30fc\u30eb\u3067\u30c1\u30e3\u30ec\u30f3\u30b8\uff01\u30dc\u30fc\u30a4\u30c3\u30b7\u30e5 (\u3074\u30fc\u3059\u3075\u308b\u3048\u3063\u3061!) [\u82f1\u8a33]",
    "pretty": "Pool de Challenge! Boyish | Challenge at the Pool! Boyish"
  },
  "images": {
    "pages": [
      { "t": "p", "w": 1280, "h": 1866 },
      { "t": "p", "w": 1280, "h": 1866 },
      { "t": "p", "w": 1280, "h": 1866 },
      { "t": "p", "w": 1280, "h": 1866 },
      { "t": "p", "w": 1280, "h": 1866 },
      { "t": "p", "w": 1280, "h": 1866 },
      { "t": "p", "w": 1280, "h": 1866 },
      { "t": "p", "w": 1280, "h": 1866 },
      { "t": "p", "w": 1280, "h": 1866 },
      { "t": "p", "w": 1280, "h": 1866 },
      { "t": "p", "w": 1280, "h": 1866 },
      { "t": "p", "w": 1280, "h": 1866 }
    ],
    "cover": { "t": "p", "w": 350, "h": 510 },
    "thumbnail": { "t": "p", "w": 250, "h": 364 }
  },
  "scanlator": "",
  "upload_date": 1538964509,
  "tags": [
    {
      "id": 12227,
      "type": "language",
      "name": "english",
      "url": "/language/english/",
      "count": 72941
    },
    {
      "id": 17249,
      "type": "language",
      "name": "translated",
      "url": "/language/translated/",
      "count": 117289
    },
    {
      "id": 52456,
      "type": "artist",
      "name": "satuyo",
      "url": "/artist/satuyo/",
      "count": 56
    },
    {
      "id": 30473,
      "type": "tag",
      "name": "muscle",
      "url": "/tag/muscle/",
      "count": 9921
    },
    {
      "id": 35763,
      "type": "tag",
      "name": "sole male",
      "url": "/tag/sole-male/",
      "count": 64745
    },
    {
      "id": 19018,
      "type": "tag",
      "name": "dark skin",
      "url": "/tag/dark-skin/",
      "count": 22236
    },
    {
      "id": 19899,
      "type": "tag",
      "name": "exhibitionism",
      "url": "/tag/exhibitionism/",
      "count": 9087
    },
    {
      "id": 19440,
      "type": "tag",
      "name": "lolicon",
      "url": "/tag/lolicon/",
      "count": 71882
    },
    {
      "id": 35762,
      "type": "tag",
      "name": "sole female",
      "url": "/tag/sole-female/",
      "count": 71401
    },
    {
      "id": 29366,
      "type": "tag",
      "name": "tomboy",
      "url": "/tag/tomboy/",
      "count": 2665
    },
    {
      "id": 21572,
      "type": "tag",
      "name": "multi-work series",
      "url": "/tag/multi-work-series/",
      "count": 15194
    },
    {
      "id": 33173,
      "type": "category",
      "name": "manga",
      "url": "/category/manga/",
      "count": 80817
    },
    {
      "id": 26130,
      "type": "tag",
      "name": "fingering",
      "url": "/tag/fingering/",
      "count": 5743
    },
    {
      "id": 29859,
      "type": "tag",
      "name": "blowjob",
      "url": "/tag/blowjob/",
      "count": 40364
    }
  ],
  "num_pages": 12,
  "num_favorites": 5704
}
