{
  "gmetadata": [
    {
      "gid": 1806482,
      "token": "287828bb60",
      "archiver_key": "447168--0c2fd0bb8e645b3b1a1289dcce26a36d27e8a364",
      "title": "[Itami] Futanari Ochi x Po Collection [Digital]",
      "title_jpn": "[\u4f0a\u4e39]\u30d5\u30bf\u30ca\u30ea\u304a\u30c1\u00d7\u30dd\u30b3\u30ec\u30af\u30b7\u30e7\u30f3 [DL\u7248]",
      "category": "Manga",
      "thumb": "https://ehgt.org/ce/a9/cea921c2d6f928bf59317130efcd3fd5b82cfd92-483809-1353-1920-jpg_l.jpg",
      "uploader": "hobohobo",
      "posted": "1608683249",
      "filecount": "258",
      "filesize": 162763496,
      "expunged": false,
      "rating": "4.67",
      "torrentcount": "1",
      "torrents": [
        {
          "hash": "3c082082d2f87a1dfcb00b82b19544488f21a79a",
          "added": "1608683349",
          "name": "(\u6210\u5e74\u30b3\u30df\u30c3\u30af) [\u4f0a\u4e39] \u30d5\u30bf\u30ca\u30ea\u304a\u30c1\u00d7\u30dd\u30b3\u30ec\u30af\u30b7\u30e7\u30f3 [DL\u7248].zip",
          "tsize": "12710",
          "fsize": "161552385"
        }
      ],
      "tags": [
        "artist:itami",
        "male:ahegao",
        "male:anal",
        "male:big ass",
        "male:crossdressing",
        "male:dickgirl on male",
        "male:gender bender",
        "male:humiliation",
        "male:masturbation",
        "male:mind control",
        "male:nakadashi",
        "male:rape",
        "male:schoolgirl uniform",
        "male:stockings",
        "male:tomgirl",
        "male:yaoi",
        "female:ahegao",
        "female:big breasts",
        "female:big penis",
        "female:cheating",
        "female:defloration",
        "female:dick growth",
        "female:exhibitionism",
        "female:femdom",
        "female:futanari",
        "female:gyaru",
        "female:huge penis",
        "female:impregnation",
        "female:rape",
        "female:schoolgirl uniform",
        "female:shemale",
        "female:stomach deformation",
        "female:sweating",
        "female:tanlines",
        "female:tentacles",
        "tankoubon"
      ]
    }
  ]
}
