{
  "p": 3,
  "s": "s/527e2155ce/1806482-3",
  "n": "<div class=\"sn\"><a onclick=\"return load_image(1, 'cea921c2d6')\" href=\"https://e-hentai.org/s/cea921c2d6/1806482-1\"><img src=\"https://ehgt.org/g/f.png\" /></a><a id=\"prev\" onclick=\"return load_image(2, '22d050cdb4')\" href=\"https://e-hentai.org/s/22d050cdb4/1806482-2\"><img src=\"https://ehgt.org/g/p.png\" /></a><div><span>3</span> / <span>258</span></div><a id=\"next\" onclick=\"return load_image(4, '5e915772c9')\" href=\"https://e-hentai.org/s/5e915772c9/1806482-4\"><img src=\"https://ehgt.org/g/n.png\" /></a><a onclick=\"return load_image(258, '605d6a0ea3')\" href=\"https://e-hentai.org/s/605d6a0ea3/1806482-258\"><img src=\"https://ehgt.org/g/l.png\" /></a></div>",
  "i": "<div>i_003.jpg :: 1280 x 1816 :: 155.6 KB</div>",
  "k": "527e2155ce",
  "i3": "<a onclick=\"return load_image(4, '5e915772c9')\" href=\"https://e-hentai.org/s/5e915772c9/1806482-4\"><img id=\"img\" src=\"https://qlprtmi.ibrzrzwqdosv.hath.network:1024/h/ee7a8d06fae40016a5f745b99939e5e0ee90c25f-159345-1280-1816-jpg/keystamp=1608795600-b3fb0bb7bc;fileindex=87685889;xres=1280/i_003.jpg\" style=\"width:1280px;height:1816px\" onerror=\"this.onerror=null; nl('27990-446887')\" /></a>",
  "i5": "<div class=\"sb\"><a href=\"https://e-hentai.org/g/1806482/287828bb60/\"><img src=\"https://ehgt.org/g/b.png\" referrerpolicy=\"no-referrer\" /></a></div>",
  "i6": " &nbsp; <img src=\"https://ehgt.org/g/mr.gif\" class=\"mr\" /> <a href=\"https://e-hentai.org/?f_shash=527e2155ce7d7fde281d5f13ce172903800d7e2f&amp;fs_from=i_003.jpg+from+%5BItami%5D+Futanari+Ochi+x+Po+Collection+%5BDigital%5D\">Show all galleries with this file</a>  &nbsp; <img src=\"https://ehgt.org/g/mr.gif\" class=\"mr\" /> <a href=\"#\" onclick=\"prompt('Copy the URL below.', 'https://e-hentai.org/r/ee7a8d06fae40016a5f745b99939e5e0ee90c25f-159345-1280-1816-jpg/forumtoken/1806482-3/i_003.jpg'); return false\">Generate a static forum image link</a>  &nbsp; <img src=\"https://ehgt.org/g/mr.gif\" class=\"mr\" /> <a href=\"#\" id=\"loadfail\" onclick=\"return nl('27990-446887')\">Click here if the image fails loading</a> ",
  "i7": " &nbsp; <img src=\"https://ehgt.org/g/mr.gif\" class=\"mr\" /> <a href=\"https://e-hentai.org/fullimg.php?gid=1806482&amp;page=3&amp;key=3pkrre69ktj\">Download original 1353 x 1920 223.9 KB source</a>",
  "si": 27990,
  "x": "1280",
  "y": "1816"
}
