{
  "p": 258,
  "s": "s/605d6a0ea3/1806482-258",
  "n": "<div class=\"sn\"><a onclick=\"return load_image(1, 'cea921c2d6')\" href=\"https://e-hentai.org/s/cea921c2d6/1806482-1\"><img src=\"https://ehgt.org/g/f.png\" /></a><a id=\"prev\" onclick=\"return load_image(257, 'c7d02b87b9')\" href=\"https://e-hentai.org/s/c7d02b87b9/1806482-257\"><img src=\"https://ehgt.org/g/p.png\" /></a><div><span>258</span> / <span>258</span></div><a id=\"next\" onclick=\"return load_image(258, '605d6a0ea3')\" href=\"https://e-hentai.org/s/605d6a0ea3/1806482-258\"><img src=\"https://ehgt.org/g/n.png\" /></a><a onclick=\"return load_image(258, '605d6a0ea3')\" href=\"https://e-hentai.org/s/605d6a0ea3/1806482-258\"><img src=\"https://ehgt.org/g/l.png\" /></a></div>",
  "i": "<div>i_258.jpg :: 1280 x 1816 :: 337.5 KB</div>",
  "k": "605d6a0ea3",
  "i3": "<a onclick=\"return load_image(258, '605d6a0ea3')\" href=\"https://e-hentai.org/s/605d6a0ea3/1806482-258\"><img id=\"img\" src=\"https://egwatsc.qrlnxavuzbvw.hath.network/h/180df55a8029c680f5396cc2a97408ec565ce0e3-345560-1280-1816-jpg/keystamp=1609149600-55ba5c2d9e;fileindex=87686172;xres=1280/i_258.jpg\" style=\"height:1816px;width:1280px\" onerror=\"this.onerror=null; nl('35232-446985')\" /></a>",
  "i5": "<div class=\"sb\"><a href=\"https://e-hentai.org/g/1806482/287828bb60/?p=6\"><img src=\"https://ehgt.org/g/b.png\" referrerpolicy=\"no-referrer\" /></a></div>",
  "i6": " &nbsp; <img src=\"https://ehgt.org/g/mr.gif\" class=\"mr\" /> <a href=\"https://e-hentai.org/?f_shash=605d6a0ea3a87d906eba3787f50e744539ed4074&amp;fs_from=i_258.jpg+from+%5BItami%5D+Futanari+Ochi+x+Po+Collection+%5BDigital%5D\">Show all galleries with this file</a>  &nbsp; <img src=\"https://ehgt.org/g/mr.gif\" class=\"mr\" /> <a href=\"#\" onclick=\"prompt('Copy the URL below.', 'https://e-hentai.org/r/180df55a8029c680f5396cc2a97408ec565ce0e3-345560-1280-1816-jpg/forumtoken/1806482-258/i_258.jpg'); return false\">Generate a static forum image link</a>  &nbsp; <img src=\"https://ehgt.org/g/mr.gif\" class=\"mr\" /> <a href=\"#\" id=\"loadfail\" onclick=\"return nl('35232-446985')\">Click here if the image fails loading</a> ",
  "i7": " &nbsp; <img src=\"https://ehgt.org/g/mr.gif\" class=\"mr\" /> <a href=\"https://e-hentai.org/fullimg.php?gid=1806482&amp;page=258&amp;key=dzcb48h9kw9\">Download original 1353 x 1920 369.0 KB source</a>",
  "si": 35232,
  "x": "1280",
  "y": "1816"
}
