{
  "p": 1,
  "s": "s/cea921c2d6/1806482-1",
  "n": "<div class=\"sn\"><a onclick=\"return load_image(1, 'cea921c2d6')\" href=\"https://e-hentai.org/s/cea921c2d6/1806482-1\"><img src=\"https://ehgt.org/g/f.png\" /></a><a id=\"prev\" onclick=\"return load_image(1, 'cea921c2d6')\" href=\"https://e-hentai.org/s/cea921c2d6/1806482-1\"><img src=\"https://ehgt.org/g/p.png\" /></a><div><span>1</span> / <span>258</span></div><a id=\"next\" onclick=\"return load_image(2, '22d050cdb4')\" href=\"https://e-hentai.org/s/22d050cdb4/1806482-2\"><img src=\"https://ehgt.org/g/n.png\" /></a><a onclick=\"return load_image(258, '605d6a0ea3')\" href=\"https://e-hentai.org/s/605d6a0ea3/1806482-258\"><img src=\"https://ehgt.org/g/l.png\" /></a></div>",
  "i": "<div>cover.jpg :: 1280 x 1816 :: 429.2 KB</div>",
  "k": "cea921c2d6",
  "i3": "<a onclick=\"return load_image(2, '22d050cdb4')\" href=\"https://e-hentai.org/s/22d050cdb4/1806482-2\"><img id=\"img\" src=\"https://mksptla.qrlnxavuzbvw.hath.network/h/1656fe0a7158c67e944db3d3cd8c7431fd091bf4-439514-1280-1816-jpg/keystamp=1609251900-4d9daf6b66;fileindex=87685887;xres=1280/cover.jpg\" style=\"width:1280px;height:1816px\" onerror=\"this.onerror=null; nl('35847-447014')\" /></a>",
  "i5": "<div class=\"sb\"><a href=\"https://e-hentai.org/g/1806482/287828bb60/\"><img src=\"https://ehgt.org/g/b.png\" referrerpolicy=\"no-referrer\" /></a></div>",
  "i6": " &nbsp; <img src=\"https://ehgt.org/g/mr.gif\" class=\"mr\" /> <a href=\"https://e-hentai.org/?f_shash=cea921c2d6f928bf59317130efcd3fd5b82cfd92&amp;fs_from=cover.jpg+from+%5BItami%5D+Futanari+Ochi+x+Po+Collection+%5BDigital%5D\">Show all galleries with this file</a>  &nbsp; <img src=\"https://ehgt.org/g/mr.gif\" class=\"mr\" /> <a href=\"#\" onclick=\"prompt('Copy the URL below.', 'https://e-hentai.org/r/1656fe0a7158c67e944db3d3cd8c7431fd091bf4-439514-1280-1816-jpg/forumtoken/1806482-1/cover.jpg'); return false\">Generate a static forum image link</a>  &nbsp; <img src=\"https://ehgt.org/g/mr.gif\" class=\"mr\" /> <a href=\"#\" id=\"loadfail\" onclick=\"return nl('35847-447014')\">Click here if the image fails loading</a> ",
  "i7": " &nbsp; <img src=\"https://ehgt.org/g/mr.gif\" class=\"mr\" /> <a href=\"https://e-hentai.org/fullimg.php?gid=1806482&amp;page=1&amp;key=48ytgmb9kx2\">Download original 1353 x 1920 472.5 KB source</a>",
  "si": 35847,
  "x": "1280",
  "y": "1816"
}
