{
  "p": 2,
  "s": "s/22d050cdb4/1806482-2",
  "n": "<div class=\"sn\"><a onclick=\"return load_image(1, 'cea921c2d6')\" href=\"https://e-hentai.org/s/cea921c2d6/1806482-1\"><img src=\"https://ehgt.org/g/f.png\" /></a><a id=\"prev\" onclick=\"return load_image(1, 'cea921c2d6')\" href=\"https://e-hentai.org/s/cea921c2d6/1806482-1\"><img src=\"https://ehgt.org/g/p.png\" /></a><div><span>2</span> / <span>258</span></div><a id=\"next\" onclick=\"return load_image(3, '527e2155ce')\" href=\"https://e-hentai.org/s/527e2155ce/1806482-3\"><img src=\"https://ehgt.org/g/n.png\" /></a><a onclick=\"return load_image(258, '605d6a0ea3')\" href=\"https://e-hentai.org/s/605d6a0ea3/1806482-258\"><img src=\"https://ehgt.org/g/l.png\" /></a></div>",
  "i": "<div>i_002.jpg :: 1280 x 1816 :: 197.0 KB</div>",
  "k": "22d050cdb4",
  "i3": "<a onclick=\"return load_image(3, '527e2155ce')\" href=\"https://e-hentai.org/s/527e2155ce/1806482-3\"><img id=\"img\" src=\"https://dsdbdzd.djvzpxvthsri.hath.network/h/57609f51457efd7491b087fd68575a1829e63e09-201691-1280-1816-jpg/keystamp=1608794400-7a53cc0239;fileindex=87685888;xres=1280/i_002.jpg\" style=\"height:1816px;width:1280px\" onerror=\"this.onerror=null; nl('34312-446887')\" /></a>",
  "i5": "<div class=\"sb\"><a href=\"https://e-hentai.org/g/1806482/287828bb60/\"><img src=\"https://ehgt.org/g/b.png\" referrerpolicy=\"no-referrer\" /></a></div>",
  "i6": " &nbsp; <img src=\"https://ehgt.org/g/mr.gif\" class=\"mr\" /> <a href=\"https://e-hentai.org/?f_shash=22d050cdb4eae90a6212436992ae0ec034b74755&amp;fs_from=i_002.jpg+from+%5BItami%5D+Futanari+Ochi+x+Po+Collection+%5BDigital%5D\">Show all galleries with this file</a>  &nbsp; <img src=\"https://ehgt.org/g/mr.gif\" class=\"mr\" /> <a href=\"#\" onclick=\"prompt('Copy the URL below.', 'https://e-hentai.org/r/57609f51457efd7491b087fd68575a1829e63e09-201691-1280-1816-jpg/forumtoken/1806482-2/i_002.jpg'); return false\">Generate a static forum image link</a>  &nbsp; <img src=\"https://ehgt.org/g/mr.gif\" class=\"mr\" /> <a href=\"#\" id=\"loadfail\" onclick=\"return nl('34312-446887')\">Click here if the image fails loading</a> ",
  "i7": " &nbsp; <img src=\"https://ehgt.org/g/mr.gif\" class=\"mr\" /> <a href=\"https://e-hentai.org/fullimg.php?gid=1806482&amp;page=2&amp;key=aao0ajy9ktj\">Download original 1353 x 1920 246.7 KB source</a>",
  "si": 34312,
  "x": "1280",
  "y": "1816"
}
